{
  "label_counts": {
    "불평/불만": 16696,
    "환영/호의": 9252,
    "감동/감탄": 10778,
    "지긋지긋": 6386,
    "고마움": 5181,
    "슬픔": 4137,
    "화남/분노": 12299,
    "존경": 3854,
    "기대감": 11197,
    "우쭐댐/무시함": 6002,
    "안타까움/실망": 17465,
    "비장함": 3352,
    "의심/불신": 11565,
    "뿌듯함": 5229,
    "편안/쾌적": 3771,
    "신기함/관심": 10638,
    "아껴주는": 7173,
    "부끄러움": 2329,
    "공포/무서움": 1194,
    "절망": 3652,
    "한심함": 12201,
    "역겨움/징그러움": 3864,
    "짜증": 14930,
    "어이없음": 15996,
    "패배/자기혐오": 1581,
    "귀찮음": 2428,
    "힘듦/지침": 3769,
    "즐거움/신남": 10867,
    "깨달음": 8151,
    "죄책감": 698,
    "증오/혐오": 7684,
    "흐뭇함(귀여움/예쁨)": 4401,
    "당황/난처": 9996,
    "경악": 5193,
    "부담/안_내킴": 4768,
    "서러움": 2031,
    "재미없음": 3691,
    "불쌍함/연민": 5451,
    "놀람": 7355,
    "행복": 7473,
    "불안/걱정": 7541,
    "기쁨": 9967,
    "안심/신뢰": 7929
  },
  "IRLbl": {
    "불평/불만": 1.046058936272161,
    "환영/호의": 1.8876999567661046,
    "감동/감탄": 1.620430506587493,
    "지긋지긋": 2.734888819292202,
    "고마움": 3.3709708550472883,
    "슬픔": 4.22165820642978,
    "화남/분노": 1.4200341491178146,
    "존경": 4.531655422937208,
    "기대감": 1.5597928016432974,
    "우쭐댐/무시함": 2.909863378873709,
    "안타까움/실망": 1.0,
    "비장함": 5.210322195704057,
    "의심/불신": 1.5101599654128837,
    "뿌듯함": 3.3400267737617133,
    "편안/쾌적": 4.631397507292496,
    "신기함/관심": 1.6417559691671366,
    "아껴주는": 2.4348250383382126,
    "부끄러움": 7.498926577930442,
    "공포/무서움": 14.627303182579565,
    "절망": 4.782311062431544,
    "한심함": 1.4314400458978773,
    "역겨움/징그러움": 4.519927536231884,
    "짜증": 1.1697923643670463,
    "어이없음": 1.0918354588647161,
    "패배/자기혐오": 11.046805819101834,
    "귀찮음": 7.193163097199341,
    "힘듦/지침": 4.633855133987796,
    "즐거움/신남": 1.6071592895923439,
    "깨달음": 2.142681879523985,
    "죄책감": 25.021489971346703,
    "증오/혐오": 2.2729047371160855,
    "흐뭇함(귀여움/예쁨)": 3.968416269029766,
    "당황/난처": 1.7471988795518207,
    "경악": 3.3631812054689005,
    "부담/안_내킴": 3.6629614093959733,
    "서러움": 8.59921221073363,
    "재미없음": 4.731780005418586,
    "불쌍함/연민": 3.20399926618969,
    "놀람": 2.3745751189666895,
    "행복": 2.3370801552254785,
    "불안/걱정": 2.3160058347699244,
    "기쁨": 1.7522825323567774,
    "안심/신뢰": 2.2026737293479632
  },
  "MeanIR": 4.0551279826806965,
  "N_max": 17465,
  "minority_labels": [
    "슬픔",
    "존경",
    "비장함",
    "편안/쾌적",
    "부끄러움",
    "공포/무서움",
    "절망",
    "역겨움/징그러움",
    "패배/자기혐오",
    "귀찮음",
    "힘듦/지침",
    "죄책감",
    "서러움",
    "재미없음"
  ],
  "augmentation_targets": {
    "x2": {
      "슬픔": 4137,
      "존경": 3854,
      "비장함": 3352,
      "편안/쾌적": 3771,
      "부끄러움": 2329,
      "공포/무서움": 1194,
      "절망": 3652,
      "역겨움/징그러움": 3864,
      "패배/자기혐오": 1581,
      "귀찮음": 2428,
      "힘듦/지침": 3769,
      "죄책감": 698,
      "서러움": 2031,
      "재미없음": 3691
    },
    "x3": {
      "슬픔": 8274,
      "존경": 7708,
      "비장함": 6704,
      "편안/쾌적": 7542,
      "부끄러움": 4658,
      "공포/무서움": 2388,
      "절망": 7304,
      "역겨움/징그러움": 7728,
      "패배/자기혐오": 3162,
      "귀찮음": 4856,
      "힘듦/지침": 7538,
      "죄책감": 1396,
      "서러움": 4062,
      "재미없음": 7382
    },
    "meanir": {
      "슬픔": 170,
      "존경": 453,
      "비장함": 955,
      "편안/쾌적": 536,
      "부끄러움": 1978,
      "공포/무서움": 3113,
      "절망": 655,
      "역겨움/징그러움": 443,
      "패배/자기혐오": 2726,
      "귀찮음": 1879,
      "힘듦/지침": 538,
      "죄책감": 3609,
      "서러움": 2276,
      "재미없음": 616
    }
  }
}