{
  "run_date": "2026-05-07 14:23:24",
  "train_count": 40000,
  "neutral_count": 6344,
  "n_max": 17465,
  "max_freq_label": "안타까움/실망",
  "mean_ir": 4.055128,
  "minor_label_count": 14,
  "minor_labels": [
    "죄책감",
    "공포/무서움",
    "패배/자기혐오",
    "서러움",
    "부끄러움",
    "귀찮음",
    "비장함",
    "절망",
    "재미없음",
    "힘듦/지침",
    "편안/쾌적",
    "존경",
    "역겨움/징그러움",
    "슬픔"
  ],
  "label_count": {
    "불평/불만": 16696,
    "환영/호의": 9252,
    "감동/감탄": 10778,
    "지긋지긋": 6386,
    "고마움": 5181,
    "슬픔": 4137,
    "화남/분노": 12299,
    "존경": 3854,
    "기대감": 11197,
    "우쭐댐/무시함": 6002,
    "안타까움/실망": 17465,
    "비장함": 3352,
    "의심/불신": 11565,
    "뿌듯함": 5229,
    "편안/쾌적": 3771,
    "신기함/관심": 10638,
    "아껴주는": 7173,
    "부끄러움": 2329,
    "공포/무서움": 1194,
    "절망": 3652,
    "한심함": 12201,
    "역겨움/징그러움": 3864,
    "짜증": 14930,
    "어이없음": 15996,
    "패배/자기혐오": 1581,
    "귀찮음": 2428,
    "힘듦/지침": 3769,
    "즐거움/신남": 10867,
    "깨달음": 8151,
    "죄책감": 698,
    "증오/혐오": 7684,
    "흐뭇함(귀여움/예쁨)": 4401,
    "당황/난처": 9996,
    "경악": 5193,
    "부담/안_내킴": 4768,
    "서러움": 2031,
    "재미없음": 3691,
    "불쌍함/연민": 5451,
    "놀람": 7355,
    "행복": 7473,
    "불안/걱정": 7541,
    "기쁨": 9967,
    "안심/신뢰": 7929
  },
  "irlbl": {
    "불평/불만": 1.046059,
    "환영/호의": 1.8877,
    "감동/감탄": 1.620431,
    "지긋지긋": 2.734889,
    "고마움": 3.370971,
    "슬픔": 4.221658,
    "화남/분노": 1.420034,
    "존경": 4.531655,
    "기대감": 1.559793,
    "우쭐댐/무시함": 2.909863,
    "안타까움/실망": 1.0,
    "비장함": 5.210322,
    "의심/불신": 1.51016,
    "뿌듯함": 3.340027,
    "편안/쾌적": 4.631398,
    "신기함/관심": 1.641756,
    "아껴주는": 2.434825,
    "부끄러움": 7.498927,
    "공포/무서움": 14.627303,
    "절망": 4.782311,
    "한심함": 1.43144,
    "역겨움/징그러움": 4.519928,
    "짜증": 1.169792,
    "어이없음": 1.091835,
    "패배/자기혐오": 11.046806,
    "귀찮음": 7.193163,
    "힘듦/지침": 4.633855,
    "즐거움/신남": 1.607159,
    "깨달음": 2.142682,
    "죄책감": 25.02149,
    "증오/혐오": 2.272905,
    "흐뭇함(귀여움/예쁨)": 3.968416,
    "당황/난처": 1.747199,
    "경악": 3.363181,
    "부담/안_내킴": 3.662961,
    "서러움": 8.599212,
    "재미없음": 4.73178,
    "불쌍함/연민": 3.203999,
    "놀람": 2.374575,
    "행복": 2.33708,
    "불안/걱정": 2.316006,
    "기쁨": 1.752283,
    "안심/신뢰": 2.202674
  }
}