{
  "f1_macro": 0.5586952018525216,
  "f1_micro": 0.6530354869974427,
  "per_label": {
    "불평/불만": 0.8239088368092883,
    "환영/호의": 0.6614872364039955,
    "감동/감탄": 0.7501706484641638,
    "지긋지긋": 0.49464788732394366,
    "고마움": 0.629080118694362,
    "슬픔": 0.5982742090124641,
    "화남/분노": 0.7904445116419716,
    "존경": 0.5994123408423114,
    "기대감": 0.671090047393365,
    "우쭐댐/무시함": 0.44315713251267197,
    "안타까움/실망": 0.7618488053270662,
    "비장함": 0.4723618090452261,
    "의심/불신": 0.6827180310326377,
    "뿌듯함": 0.475,
    "편안/쾌적": 0.4822222222222222,
    "신기함/관심": 0.6550412175015853,
    "아껴주는": 0.6139139670738184,
    "부끄러움": 0.10764872521246459,
    "공포/무서움": 0.3237410071942446,
    "절망": 0.4287425149700599,
    "한심함": 0.7081807081807082,
    "역겨움/징그러움": 0.5105162523900574,
    "짜증": 0.8032866118898019,
    "어이없음": 0.7777294475859069,
    "없음": 0.5519756838905775,
    "패배/자기혐오": 0.2571428571428571,
    "귀찮음": 0.2557077625570776,
    "힘듦/지침": 0.48989298454221164,
    "즐거움/신남": 0.7573611628773761,
    "깨달음": 0.5493354812726541,
    "죄책감": 0.022988505747126436,
    "증오/혐오": 0.7034745359352689,
    "흐뭇함(귀여움/예쁨)": 0.6029411764705882,
    "당황/난처": 0.6236900603366148,
    "경악": 0.46625,
    "부담/안_내킴": 0.37573715248525696,
    "서러움": 0.3357664233576642,
    "재미없음": 0.6056166056166056,
    "불쌍함/연민": 0.5203511572226656,
    "놀람": 0.5838450637694851,
    "행복": 0.6631689401888772,
    "불안/걱정": 0.5851407475772958,
    "기쁨": 0.7325581395348837,
    "안심/신뢰": 0.6350201522615315
  },
  "model_path": "results/model/baseline_th03/model.bin",
  "run_name": "baseline_th03",
  "seed": 42,
  "epochs": 10,
  "threshold": 0.3,
  "aug_jsonl": null,
  "ckpt_dir": "results/model/baseline_th03/ckpt",
  "base_model_source": "resources/kcelectra-base",
  "training_history": "results/report/training_history.csv"
}
