{
  "f1_macro": 0.5677731483790877,
  "f1_micro": 0.6501413300143075,
  "per_label": {
    "불평/불만": 0.8153878319046624,
    "환영/호의": 0.6598984771573604,
    "감동/감탄": 0.7541713014460512,
    "지긋지긋": 0.5149402390438247,
    "고마움": 0.6182108626198083,
    "슬픔": 0.6048309178743961,
    "화남/분노": 0.7772900204858063,
    "존경": 0.5941043083900227,
    "기대감": 0.6709206927985415,
    "우쭐댐/무시함": 0.487459807073955,
    "안타까움/실망": 0.7516856097091119,
    "비장함": 0.45858343337334934,
    "의심/불신": 0.6845749099972307,
    "뿌듯함": 0.4542372881355932,
    "편안/쾌적": 0.44740024183796856,
    "신기함/관심": 0.6540098199672668,
    "아껴주는": 0.5977421271538919,
    "부끄러움": 0.2054794520547945,
    "공포/무서움": 0.3490909090909091,
    "절망": 0.4322508398656215,
    "한심함": 0.701048951048951,
    "역겨움/징그러움": 0.5465517241379311,
    "짜증": 0.7904806346243584,
    "어이없음": 0.7699530516431925,
    "없음": 0.5306351883080382,
    "패배/자기혐오": 0.3404255319148936,
    "귀찮음": 0.34974533106960953,
    "힘듦/지침": 0.49737670514165794,
    "즐거움/신남": 0.7720430107526882,
    "깨달음": 0.5516629711751663,
    "죄책감": 0.17142857142857143,
    "증오/혐오": 0.6984269662921349,
    "흐뭇함(귀여움/예쁨)": 0.5969230769230769,
    "당황/난처": 0.6216127979105452,
    "경악": 0.46187363834422657,
    "부담/안_내킴": 0.4131455399061033,
    "서러움": 0.38475499092558985,
    "재미없음": 0.6058558558558559,
    "불쌍함/연민": 0.4943089430894309,
    "놀람": 0.5660377358490566,
    "행복": 0.6566233766233767,
    "불안/걱정": 0.5744578313253013,
    "기쁨": 0.7286101432442896,
    "안심/신뢰": 0.6257668711656442
  },
  "model_path": "results/model/aug_card_scuins_meanir/model.bin",
  "run_name": "aug_card_scuins_meanir",
  "seed": 42,
  "epochs": 10,
  "threshold": 0.3,
  "aug_jsonl": "data/augmented/card_scuins/aug_card_scuins_meanir.jsonl",
  "ckpt_dir": "results/model/aug_card_scuins_meanir/ckpt",
  "base_model_source": "resources/kcelectra-base",
  "training_history": "results/report/training_history.csv"
}
