{
  "f1_macro": 0.5611171447227383,
  "f1_micro": 0.6499242605437295,
  "per_label": {
    "불평/불만": 0.8195731838758353,
    "환영/호의": 0.655436447166922,
    "감동/감탄": 0.7494780793319415,
    "지긋지긋": 0.5008255365987893,
    "고마움": 0.6194563662374821,
    "슬픔": 0.5980304386750224,
    "화남/분노": 0.7882814859559045,
    "존경": 0.5785288270377733,
    "기대감": 0.6744040150564617,
    "우쭐댐/무시함": 0.463618802318094,
    "안타까움/실망": 0.7551408987052551,
    "비장함": 0.4375,
    "의심/불신": 0.6805630752571737,
    "뿌듯함": 0.4784828592268417,
    "편안/쾌적": 0.473568281938326,
    "신기함/관심": 0.6484907497565725,
    "아껴주는": 0.6224814422057264,
    "부끄러움": 0.11796246648793565,
    "공포/무서움": 0.3384615384615385,
    "절망": 0.42905788876276957,
    "한심함": 0.7046304285303423,
    "역겨움/징그러움": 0.5148698884758365,
    "짜증": 0.7943262411347518,
    "어이없음": 0.7691331923890063,
    "없음": 0.5449871465295629,
    "패배/자기혐오": 0.276657060518732,
    "귀찮음": 0.26258205689277897,
    "힘듦/지침": 0.4926315789473684,
    "즐거움/신남": 0.7605344295991778,
    "깨달음": 0.5437751004016064,
    "죄책감": 0.09803921568627451,
    "증오/혐오": 0.6939942802669209,
    "흐뭇함(귀여움/예쁨)": 0.6229838709677419,
    "당황/난처": 0.6131650135256989,
    "경악": 0.48418491484184917,
    "부담/안_내킴": 0.39215686274509803,
    "서러움": 0.34496919917864477,
    "재미없음": 0.5935334872979214,
    "불쌍함/연민": 0.5408895265423243,
    "놀람": 0.5977337110481586,
    "행복": 0.6650438169425511,
    "불안/걱정": 0.5871478873239436,
    "기쁨": 0.7354694485842027,
    "안심/신뢰": 0.6263736263736264
  },
  "model_path": "results/model/aug_bt_need19947_s42_repaired/model.bin",
  "run_name": "aug_bt_need19947_s42_repaired",
  "seed": 42,
  "epochs": 10,
  "threshold": 0.3,
  "aug_jsonl": "data/augmented/bt/aug_bt_need19947_s42_repaired.jsonl",
  "ckpt_dir": "results/model/aug_bt_need19947_s42_repaired/ckpt",
  "base_model_source": "resources/kcelectra-base",
  "training_history": "results/report/training_history.csv"
}
